kobe08,Mr,Kobe,Bryant,Male,1978-07-08,0413029382,kbryant@gmail.com,Campbell Street,NSW,Wollongong,Australia,Visa,329024902920320,TRUE
chris03,Mr,Chris,Paul,Male,1983-10-12,0219482932,cpaul3@gmail.com,Sidney Street,VIC,Perth,Australia,Master,233492304923748,TRUE
mymk997,Mr,Michael,Kong,Male,08/03/1995,0123456789,mymk97@uowmail.edu.au,Regent Street,NSW,Wollongong,Australia,Visa,1234567890,Yes
jl123,Mr,Jicheng,Li,Male,12/12/2012,678901234,jl123@somthing.com,Something Street,Something State,Something City,Something Country,Visa,5674839201,No
mk965,Mr,Matthew,King,Male,16/06/82,04124983,smk@kso.com,31 Loves ave,NSW,Oyster Bay,Australia,visa,98723928374,Yes
mk123,Mr,Michael,Kong,Male,06/12/1990,123456789,mk123@qwe.qwe,qwe,qwe,qwe,qwe,Visa,1234567890,Yes
